pts,repet,avg,se
0,100,-nan,-nan
0,100,-nan,-nan
2,100,35.3479,1.37161
6,100,38.9383,0.774781
15,100,36.7566,0.637475
33,100,36.3276,0.450362
70,100,36.7674,0.328509
159,100,36.417,0.249151
318,100,36.5489,0.158566
651,100,36.4676,0.111309
1335,100,36.7142,0.076371
2713,100,36.5511,0.0605988
5415,100,36.6198,0.0330548
10961,100,36.7113,0.0305125
22004,100,36.6585,0.0178646
44105,100,36.655,0.0139825
